winamp,openfor,0:00:10.368087
vlc,openfor,0:00:05.165524
